{"cameraMode":{"drawMode":0,"name":"Shaded","section":"Shading Mode"},"sceneLighting":false,"audioPlay":false,"sceneViewState":{"m_AlwaysRefresh":false,"showFog":true,"showSkybox":false,"showFlares":true,"showImageEffects":true,"showParticleSystems":true,"showVisualEffectGraphs":true,"m_FxEnabled":true},"in2DMode":false,"pivot":{"x":4.53000020980835,"y":9.100000381469727,"z":-0.019999995827674867},"rotation":{"x":0.02911468781530857,"y":0.40206071734428408,"z":-0.012797610834240914,"w":0.9150485992431641},"size":3.6945548057556154,"orthographic":false}