{"cameraMode":{"drawMode":0,"name":"Shaded","section":"Shading Mode"},"sceneLighting":false,"audioPlay":false,"sceneViewState":{"m_AlwaysRefresh":false,"showFog":true,"showSkybox":false,"showFlares":true,"showImageEffects":true,"showParticleSystems":true,"showVisualEffectGraphs":true,"m_FxEnabled":true},"in2DMode":false,"pivot":{"x":6.519999980926514,"y":9.100000381469727,"z":-0.020000100135803224},"rotation":{"x":0.04377617686986923,"y":0.2563253343105316,"z":-0.011622270569205284,"w":0.9655178785324097},"size":1.2247449159622193,"orthographic":false}