{"cameraMode":{"drawMode":0,"name":"Shaded","section":"Shading Mode"},"sceneLighting":true,"audioPlay":false,"sceneViewState":{"m_AlwaysRefresh":false,"showFog":true,"showSkybox":true,"showFlares":true,"showImageEffects":true,"showParticleSystems":true,"showVisualEffectGraphs":true,"m_FxEnabled":true},"in2DMode":false,"pivot":{"x":-209.44119262695313,"y":242.85882568359376,"z":-235.43760681152345},"rotation":{"x":-0.37151506543159487,"y":-0.05341462790966034,"z":0.02142389491200447,"w":-0.9266338348388672},"size":107.55342864990235,"orthographic":false}